Artist_Category,Song_Title,Genre
Arijit Singh,Tum Hi Ho,Original
Arijit Singh,Channa Mereya,Original
Arijit Singh,Muskurane,Original
Arijit Singh,Hamari Adhuri Kahani,Original
Arijit Singh,Khairiyat,Original
Arijit Singh,Shayad,Original
Arijit Singh,Kesariya,Original
Arijit Singh,Apna Bana Le,Original
Arijit Singh,Ve Kamleya,Original
Arijit Singh,O Maahi,Original
Arijit Singh,Satranga,Original
Arijit Singh,Raabta,Original
Arijit Singh,Gerua,Original
Arijit Singh,Janam Janam,Original
Arijit Singh,Hawayein,Original
Arijit Singh,Ae Dil Hai Mushkil,Original
Arijit Singh,Laal Ishq,Original
Arijit Singh,Qafirana,Original
Arijit Singh,Ve Maahi,Original
Arijit Singh,Enna Sona,Original
Arijit Singh,Binte Dil,Original
Arijit Singh,Duaa,Original
Arijit Singh,Ilahi,Original
Arijit Singh,Zaalima,Original
Arijit Singh,Phir Bhi Tumko Chaahunga,Original
Arijit Singh,Tujhe Kitna Chahne Lage,Original
Arijit Singh,Phir Aur Kya Chahiye,Original
Arijit Singh,Chaleya,Original
Arijit Singh,Soulmate,Original
Yo Yo Honey Singh,Brown Rang,Original
Yo Yo Honey Singh,Blue Eyes,Original
Yo Yo Honey Singh,Desi Kalakaar,Original
Yo Yo Honey Singh,Love Dose,Original
Yo Yo Honey Singh,Dope Shope,Original
Yo Yo Honey Singh,Angreji Beat,Original
Yo Yo Honey Singh,High Heels,Original
Yo Yo Honey Singh,One Bottle Down,Original
Yo Yo Honey Singh,Dheere Dheere,Original
Yo Yo Honey Singh,Saiyaan Ji,Original
Yo Yo Honey Singh,Kanta Laga,Original
Yo Yo Honey Singh,Millionaire,Original
Yo Yo Honey Singh,Payal,Original
Yo Yo Honey Singh,Maniac,Original
Yo Yo Honey Singh,Tring Tring,Original
Yo Yo Honey Singh,City Girl,Original
KK,Zara Sa,Original
KK,Tu Hi Meri Shab Hai,Original
KK,Dil Ibaadat,Original
KK,Khuda Jaane,Original
KK,Beete Lamhein,Original
KK,Aankhon Mein Teri,Original
KK,O Meri Jaan,Original
KK,Kya Mujhe Pyaar Hai,Original
KK,Alvida,Original
KK,Sajde,Original
Jubin Nautiyal,Lut Gaye,Original
Jubin Nautiyal,Humnava Mere,Original
Jubin Nautiyal,Tum Hi Aana,Original
Jubin Nautiyal,Raatan Lambiyan,Original
Jubin Nautiyal,Meri Aashiqui,Original
Jubin Nautiyal,Bewafa Tera Masoom Chehra,Original
Jubin Nautiyal,Mast Nazron Se,Original
Jubin Nautiyal,Barsaat Ki Dhun,Original
Jubin Nautiyal,Rabba Janda,Original
Guru Randhawa,Lahore,Original
Guru Randhawa,High Rated Gabru,Original
Guru Randhawa,Suit Suit,Original
Guru Randhawa,Ishare Tere,Original
Guru Randhawa,Ban Ja Rani,Original
Guru Randhawa,Lagdi Lahore Di,Original
Guru Randhawa,Naach Meri Rani,Original
Guru Randhawa,Dance Meri Rani,Original
Guru Randhawa,Qatal,Original
Guru Randhawa,Vibe,Original
Badshah,DJ Waley Babu,Original
Badshah,Mercy,Original
Badshah,Paagal,Original
Badshah,Genda Phool,Original
Badshah,Paani Paani,Original
Badshah,Jugnu,Original
Badshah,Players,Original
Badshah,Kala Chashma,Original
Badshah,Kar Gayi Chull,Original
Badshah,Nasha,Original
Shubh,We Rollin,Original
Shubh,Elevated,Original
Shubh,No Love,Original
Shubh,Cheques,Original
Shubh,Offshore,Original
Shubh,Baller,Original
Shubh,Ruthless,Original
Shubh,Safety Off,Original
Shubh,Supreme,Original
Paradox,Hasti Rahe Tu,Original
Paradox,Rihaayi,Original
Paradox,Glitch,Original
Paradox,Gangster Flow,Original
Paradox,Babam Bam,Original
Paradox,Check It Out,Original
Masoom Sharma,Tuition Badmashi Ka,Original
Masoom Sharma,Khuli Jeep,Original
Masoom Sharma,Naam Hove Se,Original
Masoom Sharma,2 Numbari,Original
Masoom Sharma,Lofar,Original
Masoom Sharma,Madam Ji,Original
Fossils / Rupam Islam,Ekla Ghor,Original
Fossils / Rupam Islam,Hasnuhana,Original
Fossils / Rupam Islam,Aro Ekbar,Original
Fossils / Rupam Islam,Nemesis,Original
Fossils / Rupam Islam,Bishakto Manush,Original
Fossils / Rupam Islam,Tritiyo Bishwo,Original
Fossils / Rupam Islam,Phire Chalo,Original
Fossils / Rupam Islam,Millennium,Original
Fossils / Rupam Islam,Chador,Original
Saiyaara Movie,Saiyaara,Original
Saiyaara Movie,Barbaad,Original
Saiyaara Movie,Tum Ho Toh,Original
Saiyaara Movie,Humsafar,Original
Saiyaara Movie,Dhun,Original
Saiyaara Movie,Saiyaara Reprise,Original
Saiyaara Movie,Barbaad Reprise,Original
Dhurandhar Movie,Dhurandhar,Original
Dhurandhar Movie,Gehra Hua,Original
Dhurandhar Movie,Shararat,Original
Dhurandhar Movie,Ishq Jalakar,Original
Dhurandhar Movie,Run Down The City,Original
Dhurandhar Movie,Aari Aari,Original
Dhurandhar Movie,Main Aur Tu,Original
Dhurandhar Movie,Jaan Se Guzarte Hain,Original
Dhurandhar Movie,Hum Pyaar Karne Waale,Original
Bhojpuri,Pudina Ae Haseena,Original
Bhojpuri,Hari Hari Odhani,Original
Bhojpuri,Raja Ji,Original
Bhojpuri,Kamariya Patre Patre,Original
Bhojpuri,Nimbu Kharbuja Bhail,Original
Bhojpuri,Le Le Aayi Coca Cola,Original
Bhojpuri,Tel,Original
Bhojpuri,Aam Ke Swad,Original
Bhojpuri,Heroine,Original
Bhojpuri,Babuaan,Original
Bhojpuri,Loverwa,Original
Bhojpuri,Naach Re Patarki2.0,Original
Sunny Leone,Laila Main Laila,Item Song
Shreya Ghoshal,Chikni Chameli,Item Song
Kanika Kapoor,Lovely,Romantic
Rashmeet Kaur,Nadiyon Paar,Dance
Asrar,Afghan Jalebi,Party
Aastha Gill,Naagin,Dance
Mika Singh,440 Volt,Party
Khesari Lal Yadav,Thermometer,Bhojpuri
Hindi Item Collection,Hindi Dance Song 1,Item/Dance
Hindi Item Collection,Hindi Dance Song 2,Item/Dance
Hindi Item Collection,Hindi Dance Song 3,Item/Dance
Hindi Item Collection,Hindi Dance Song 4,Item/Dance
Hindi Item Collection,Hindi Dance Song 5,Item/Dance
Hindi Item Collection,Hindi Dance Song 6,Item/Dance
Hindi Item Collection,Hindi Dance Song 7,Item/Dance
Hindi Item Collection,Hindi Dance Song 8,Item/Dance
Hindi Item Collection,Hindi Dance Song 9,Item/Dance
Hindi Item Collection,Hindi Dance Song 10,Item/Dance
Hindi Item Collection,Hindi Dance Song 11,Item/Dance
Hindi Item Collection,Hindi Dance Song 12,Item/Dance
Hindi Item Collection,Hindi Dance Song 13,Item/Dance
Hindi Item Collection,Hindi Dance Song 14,Item/Dance
Hindi Item Collection,Hindi Dance Song 15,Item/Dance
Hindi Item Collection,Hindi Dance Song 16,Item/Dance
Hindi Item Collection,Hindi Dance Song 17,Item/Dance
Hindi Item Collection,Hindi Dance Song 18,Item/Dance
Hindi Item Collection,Hindi Dance Song 19,Item/Dance
Hindi Item Collection,Hindi Dance Song 20,Item/Dance
Hindi Item Collection,Hindi Dance Song 21,Item/Dance
Hindi Item Collection,Hindi Dance Song 22,Item/Dance
Hindi Item Collection,Hindi Dance Song 23,Item/Dance
Hindi Item Collection,Hindi Dance Song 24,Item/Dance
Hindi Item Collection,Hindi Dance Song 25,Item/Dance
Hindi Item Collection,Hindi Dance Song 26,Item/Dance
Hindi Item Collection,Hindi Dance Song 27,Item/Dance
Hindi Item Collection,Hindi Dance Song 28,Item/Dance
Hindi Item Collection,Hindi Dance Song 29,Item/Dance
Hindi Item Collection,Hindi Dance Song 30,Item/Dance
Hindi Item Collection,Hindi Dance Song 31,Item/Dance
Hindi Item Collection,Hindi Dance Song 32,Item/Dance
Hindi Item Collection,Hindi Dance Song 33,Item/Dance
Hindi Item Collection,Hindi Dance Song 34,Item/Dance
Hindi Item Collection,Hindi Dance Song 35,Item/Dance
Hindi Item Collection,Hindi Dance Song 36,Item/Dance
Hindi Item Collection,Hindi Dance Song 37,Item/Dance
Hindi Item Collection,Hindi Dance Song 38,Item/Dance
Hindi Item Collection,Hindi Dance Song 39,Item/Dance
Hindi Item Collection,Hindi Dance Song 40,Item/Dance
Hindi Item Collection,Hindi Dance Song 41,Item/Dance
Hindi Item Collection,Hindi Dance Song 42,Item/Dance
Hindi Item Collection,Hindi Dance Song 43,Item/Dance
Hindi Item Collection,Hindi Dance Song 44,Item/Dance
Hindi Item Collection,Hindi Dance Song 45,Item/Dance
Hindi Item Collection,Hindi Dance Song 46,Item/Dance
Hindi Item Collection,Hindi Dance Song 47,Item/Dance
Hindi Item Collection,Hindi Dance Song 48,Item/Dance
Hindi Item Collection,Hindi Dance Song 49,Item/Dance
Hindi Item Collection,Hindi Dance Song 50,Item/Dance
Hindi Item Collection,Hindi Dance Song 51,Item/Dance
Hindi Item Collection,Hindi Dance Song 52,Item/Dance
Hindi Item Collection,Hindi Dance Song 53,Item/Dance
Hindi Item Collection,Hindi Dance Song 54,Item/Dance
Hindi Item Collection,Hindi Dance Song 55,Item/Dance
Hindi Item Collection,Hindi Dance Song 56,Item/Dance
Hindi Item Collection,Hindi Dance Song 57,Item/Dance
Hindi Item Collection,Hindi Dance Song 58,Item/Dance
Hindi Item Collection,Hindi Dance Song 59,Item/Dance
Hindi Item Collection,Hindi Dance Song 60,Item/Dance
Hindi Item Collection,Hindi Dance Song 61,Item/Dance
Hindi Item Collection,Hindi Dance Song 62,Item/Dance
Hindi Item Collection,Hindi Dance Song 63,Item/Dance
Hindi Item Collection,Hindi Dance Song 64,Item/Dance
Hindi Item Collection,Hindi Dance Song 65,Item/Dance
Hindi Item Collection,Hindi Dance Song 66,Item/Dance
Hindi Item Collection,Hindi Dance Song 67,Item/Dance
Hindi Item Collection,Hindi Dance Song 68,Item/Dance
Hindi Item Collection,Hindi Dance Song 69,Item/Dance
Hindi Item Collection,Hindi Dance Song 70,Item/Dance
Hindi Item Collection,Hindi Dance Song 71,Item/Dance
Hindi Item Collection,Hindi Dance Song 72,Item/Dance
Hindi Item Collection,Hindi Dance Song 73,Item/Dance
Hindi Item Collection,Hindi Dance Song 74,Item/Dance
Hindi Item Collection,Hindi Dance Song 75,Item/Dance
Hindi Item Collection,Hindi Dance Song 76,Item/Dance
Hindi Item Collection,Hindi Dance Song 77,Item/Dance
Hindi Item Collection,Hindi Dance Song 78,Item/Dance
Hindi Item Collection,Hindi Dance Song 79,Item/Dance
Hindi Item Collection,Hindi Dance Song 80,Item/Dance
Hindi Item Collection,Hindi Dance Song 81,Item/Dance
Hindi Item Collection,Hindi Dance Song 82,Item/Dance
Hindi Item Collection,Hindi Dance Song 83,Item/Dance
Hindi Item Collection,Hindi Dance Song 84,Item/Dance
Hindi Item Collection,Hindi Dance Song 85,Item/Dance
Hindi Item Collection,Hindi Dance Song 86,Item/Dance
Hindi Item Collection,Hindi Dance Song 87,Item/Dance
Hindi Item Collection,Hindi Dance Song 88,Item/Dance
Hindi Item Collection,Hindi Dance Song 89,Item/Dance
Hindi Item Collection,Hindi Dance Song 90,Item/Dance
Hindi Item Collection,Hindi Dance Song 91,Item/Dance
Hindi Item Collection,Hindi Dance Song 92,Item/Dance
Hindi Item Collection,Hindi Dance Song 93,Item/Dance
Hindi Item Collection,Hindi Dance Song 94,Item/Dance
Hindi Item Collection,Hindi Dance Song 95,Item/Dance
Hindi Item Collection,Hindi Dance Song 96,Item/Dance
Hindi Item Collection,Hindi Dance Song 97,Item/Dance
Hindi Item Collection,Hindi Dance Song 98,Item/Dance
Hindi Item Collection,Hindi Dance Song 99,Item/Dance
Hindi Item Collection,Hindi Dance Song 100,Item/Dance
Hindi Item Collection,Hindi Dance Song 101,Item/Dance
Hindi Item Collection,Hindi Dance Song 102,Item/Dance
Hindi Item Collection,Hindi Dance Song 103,Item/Dance
Hindi Item Collection,Hindi Dance Song 104,Item/Dance
Hindi Item Collection,Hindi Dance Song 105,Item/Dance
Hindi Item Collection,Hindi Dance Song 106,Item/Dance
Hindi Item Collection,Hindi Dance Song 107,Item/Dance
Hindi Item Collection,Hindi Dance Song 108,Item/Dance
Hindi Item Collection,Hindi Dance Song 109,Item/Dance
Hindi Item Collection,Hindi Dance Song 110,Item/Dance
Hindi Item Collection,Hindi Dance Song 111,Item/Dance
Hindi Item Collection,Hindi Dance Song 112,Item/Dance
Hindi Item Collection,Hindi Dance Song 113,Item/Dance
Hindi Item Collection,Hindi Dance Song 114,Item/Dance
Hindi Item Collection,Hindi Dance Song 115,Item/Dance
Hindi Item Collection,Hindi Dance Song 116,Item/Dance
Hindi Item Collection,Hindi Dance Song 117,Item/Dance
Hindi Item Collection,Hindi Dance Song 118,Item/Dance
Hindi Item Collection,Hindi Dance Song 119,Item/Dance
Hindi Item Collection,Hindi Dance Song 120,Item/Dance
Hindi Item Collection,Hindi Dance Song 121,Item/Dance
Hindi Item Collection,Hindi Dance Song 122,Item/Dance
Hindi Item Collection,Hindi Dance Song 123,Item/Dance
Hindi Item Collection,Hindi Dance Song 124,Item/Dance
Hindi Item Collection,Hindi Dance Song 125,Item/Dance
Hindi Item Collection,Hindi Dance Song 126,Item/Dance
Hindi Item Collection,Hindi Dance Song 127,Item/Dance
Hindi Item Collection,Hindi Dance Song 128,Item/Dance
Hindi Item Collection,Hindi Dance Song 129,Item/Dance
Hindi Item Collection,Hindi Dance Song 130,Item/Dance
Hindi Item Collection,Hindi Dance Song 131,Item/Dance
Hindi Item Collection,Hindi Dance Song 132,Item/Dance
Hindi Item Collection,Hindi Dance Song 133,Item/Dance
Hindi Item Collection,Hindi Dance Song 134,Item/Dance
Hindi Item Collection,Hindi Dance Song 135,Item/Dance
Hindi Item Collection,Hindi Dance Song 136,Item/Dance
Hindi Item Collection,Hindi Dance Song 137,Item/Dance
Hindi Item Collection,Hindi Dance Song 138,Item/Dance
Hindi Item Collection,Hindi Dance Song 139,Item/Dance
Hindi Item Collection,Hindi Dance Song 140,Item/Dance
Hindi Item Collection,Hindi Dance Song 141,Item/Dance
Hindi Item Collection,Hindi Dance Song 142,Item/Dance
Hindi Item Collection,Hindi Dance Song 143,Item/Dance
Hindi Item Collection,Hindi Dance Song 144,Item/Dance
Hindi Item Collection,Hindi Dance Song 145,Item/Dance
Hindi Item Collection,Hindi Dance Song 146,Item/Dance
Hindi Item Collection,Hindi Dance Song 147,Item/Dance
Hindi Item Collection,Hindi Dance Song 148,Item/Dance
Hindi Item Collection,Hindi Dance Song 149,Item/Dance
Hindi Item Collection,Hindi Dance Song 150,Item/Dance
Hindi Item Collection,Hindi Dance Song 151,Item/Dance
Hindi Item Collection,Hindi Dance Song 152,Item/Dance
Hindi Item Collection,Hindi Dance Song 153,Item/Dance
Hindi Item Collection,Hindi Dance Song 154,Item/Dance
Hindi Item Collection,Hindi Dance Song 155,Item/Dance
Hindi Item Collection,Hindi Dance Song 156,Item/Dance
Hindi Item Collection,Hindi Dance Song 157,Item/Dance
Hindi Item Collection,Hindi Dance Song 158,Item/Dance
Hindi Item Collection,Hindi Dance Song 159,Item/Dance
Hindi Item Collection,Hindi Dance Song 160,Item/Dance
Hindi Item Collection,Hindi Dance Song 161,Item/Dance
Hindi Item Collection,Hindi Dance Song 162,Item/Dance
Hindi Item Collection,Hindi Dance Song 163,Item/Dance
Hindi Item Collection,Hindi Dance Song 164,Item/Dance
Hindi Item Collection,Hindi Dance Song 165,Item/Dance
Hindi Item Collection,Hindi Dance Song 166,Item/Dance
Hindi Item Collection,Hindi Dance Song 167,Item/Dance
Hindi Item Collection,Hindi Dance Song 168,Item/Dance
Hindi Item Collection,Hindi Dance Song 169,Item/Dance
Hindi Item Collection,Hindi Dance Song 170,Item/Dance
Hindi Item Collection,Hindi Dance Song 171,Item/Dance
Hindi Item Collection,Hindi Dance Song 172,Item/Dance
Hindi Item Collection,Hindi Dance Song 173,Item/Dance
Hindi Item Collection,Hindi Dance Song 174,Item/Dance
Hindi Item Collection,Hindi Dance Song 175,Item/Dance
Hindi Item Collection,Hindi Dance Song 176,Item/Dance
Hindi Item Collection,Hindi Dance Song 177,Item/Dance
Hindi Item Collection,Hindi Dance Song 178,Item/Dance
Hindi Item Collection,Hindi Dance Song 179,Item/Dance
Hindi Item Collection,Hindi Dance Song 180,Item/Dance
Hindi Item Collection,Hindi Dance Song 181,Item/Dance
Hindi Item Collection,Hindi Dance Song 182,Item/Dance
Hindi Item Collection,Hindi Dance Song 183,Item/Dance
Hindi Item Collection,Hindi Dance Song 184,Item/Dance
Hindi Item Collection,Hindi Dance Song 185,Item/Dance
Hindi Item Collection,Hindi Dance Song 186,Item/Dance
Hindi Item Collection,Hindi Dance Song 187,Item/Dance
Hindi Item Collection,Hindi Dance Song 188,Item/Dance
Hindi Item Collection,Hindi Dance Song 189,Item/Dance
Hindi Item Collection,Hindi Dance Song 190,Item/Dance
Hindi Item Collection,Hindi Dance Song 191,Item/Dance
Hindi Item Collection,Hindi Dance Song 192,Item/Dance
Hindi Item Collection,Hindi Dance Song 193,Item/Dance
Hindi Item Collection,Hindi Dance Song 194,Item/Dance
Hindi Item Collection,Hindi Dance Song 195,Item/Dance
Hindi Item Collection,Hindi Dance Song 196,Item/Dance
Hindi Item Collection,Hindi Dance Song 197,Item/Dance
Hindi Item Collection,Hindi Dance Song 198,Item/Dance
Hindi Item Collection,Hindi Dance Song 199,Item/Dance
Hindi Item Collection,Hindi Dance Song 200,Item/Dance
Hindi Item Collection,Hindi Dance Song 201,Item/Dance
Hindi Item Collection,Hindi Dance Song 202,Item/Dance
Hindi Item Collection,Hindi Dance Song 203,Item/Dance
Hindi Item Collection,Hindi Dance Song 204,Item/Dance
Hindi Item Collection,Hindi Dance Song 205,Item/Dance
Hindi Item Collection,Hindi Dance Song 206,Item/Dance
Hindi Item Collection,Hindi Dance Song 207,Item/Dance
Hindi Item Collection,Hindi Dance Song 208,Item/Dance
Hindi Item Collection,Hindi Dance Song 209,Item/Dance
Hindi Item Collection,Hindi Dance Song 210,Item/Dance
Hindi Item Collection,Hindi Dance Song 211,Item/Dance
Hindi Item Collection,Hindi Dance Song 212,Item/Dance
Hindi Item Collection,Hindi Dance Song 213,Item/Dance
Hindi Item Collection,Hindi Dance Song 214,Item/Dance
Hindi Item Collection,Hindi Dance Song 215,Item/Dance
Hindi Item Collection,Hindi Dance Song 216,Item/Dance
Hindi Item Collection,Hindi Dance Song 217,Item/Dance
Hindi Item Collection,Hindi Dance Song 218,Item/Dance
Hindi Item Collection,Hindi Dance Song 219,Item/Dance
Hindi Item Collection,Hindi Dance Song 220,Item/Dance
Hindi Item Collection,Hindi Dance Song 221,Item/Dance
Hindi Item Collection,Hindi Dance Song 222,Item/Dance
Hindi Item Collection,Hindi Dance Song 223,Item/Dance
Hindi Item Collection,Hindi Dance Song 224,Item/Dance
Hindi Item Collection,Hindi Dance Song 225,Item/Dance
Hindi Item Collection,Hindi Dance Song 226,Item/Dance
Hindi Item Collection,Hindi Dance Song 227,Item/Dance
Hindi Item Collection,Hindi Dance Song 228,Item/Dance
Hindi Item Collection,Hindi Dance Song 229,Item/Dance
Hindi Item Collection,Hindi Dance Song 230,Item/Dance
Hindi Item Collection,Hindi Dance Song 231,Item/Dance
Hindi Item Collection,Hindi Dance Song 232,Item/Dance
Hindi Item Collection,Hindi Dance Song 233,Item/Dance
Hindi Item Collection,Hindi Dance Song 234,Item/Dance
Hindi Item Collection,Hindi Dance Song 235,Item/Dance
Hindi Item Collection,Hindi Dance Song 236,Item/Dance
Hindi Item Collection,Hindi Dance Song 237,Item/Dance
Hindi Item Collection,Hindi Dance Song 238,Item/Dance
Hindi Item Collection,Hindi Dance Song 239,Item/Dance
Hindi Item Collection,Hindi Dance Song 240,Item/Dance
Hindi Item Collection,Hindi Dance Song 241,Item/Dance
Hindi Item Collection,Hindi Dance Song 242,Item/Dance
Hindi Item Collection,Hindi Dance Song 243,Item/Dance
Hindi Item Collection,Hindi Dance Song 244,Item/Dance
Hindi Item Collection,Hindi Dance Song 245,Item/Dance
Hindi Item Collection,Hindi Dance Song 246,Item/Dance
Hindi Item Collection,Hindi Dance Song 247,Item/Dance
Hindi Item Collection,Hindi Dance Song 248,Item/Dance
Hindi Item Collection,Hindi Dance Song 249,Item/Dance
Hindi Item Collection,Hindi Dance Song 250,Item/Dance
Hindi Item Collection,Hindi Dance Song 251,Item/Dance
Hindi Item Collection,Hindi Dance Song 252,Item/Dance
Hindi Item Collection,Hindi Dance Song 253,Item/Dance
Hindi Item Collection,Hindi Dance Song 254,Item/Dance
Hindi Item Collection,Hindi Dance Song 255,Item/Dance
Hindi Item Collection,Hindi Dance Song 256,Item/Dance
Hindi Item Collection,Hindi Dance Song 257,Item/Dance
Hindi Item Collection,Hindi Dance Song 258,Item/Dance
Hindi Item Collection,Hindi Dance Song 259,Item/Dance
Hindi Item Collection,Hindi Dance Song 260,Item/Dance
Hindi Item Collection,Hindi Dance Song 261,Item/Dance
Hindi Item Collection,Hindi Dance Song 262,Item/Dance
Hindi Item Collection,Hindi Dance Song 263,Item/Dance
Hindi Item Collection,Hindi Dance Song 264,Item/Dance
Hindi Item Collection,Hindi Dance Song 265,Item/Dance
Hindi Item Collection,Hindi Dance Song 266,Item/Dance
Hindi Item Collection,Hindi Dance Song 267,Item/Dance
Hindi Item Collection,Hindi Dance Song 268,Item/Dance
Hindi Item Collection,Hindi Dance Song 269,Item/Dance
Hindi Item Collection,Hindi Dance Song 270,Item/Dance
Hindi Item Collection,Hindi Dance Song 271,Item/Dance
Hindi Item Collection,Hindi Dance Song 272,Item/Dance
Hindi Item Collection,Hindi Dance Song 273,Item/Dance
Hindi Item Collection,Hindi Dance Song 274,Item/Dance
Hindi Item Collection,Hindi Dance Song 275,Item/Dance
Hindi Item Collection,Hindi Dance Song 276,Item/Dance
Hindi Item Collection,Hindi Dance Song 277,Item/Dance
Hindi Item Collection,Hindi Dance Song 278,Item/Dance
Hindi Item Collection,Hindi Dance Song 279,Item/Dance
Hindi Item Collection,Hindi Dance Song 280,Item/Dance
Hindi Item Collection,Hindi Dance Song 281,Item/Dance
Hindi Item Collection,Hindi Dance Song 282,Item/Dance
Hindi Item Collection,Hindi Dance Song 283,Item/Dance
Hindi Item Collection,Hindi Dance Song 284,Item/Dance
Hindi Item Collection,Hindi Dance Song 285,Item/Dance
Hindi Item Collection,Hindi Dance Song 286,Item/Dance
Hindi Item Collection,Hindi Dance Song 287,Item/Dance
Hindi Item Collection,Hindi Dance Song 288,Item/Dance
Hindi Item Collection,Hindi Dance Song 289,Item/Dance
Hindi Item Collection,Hindi Dance Song 290,Item/Dance
Hindi Item Collection,Hindi Dance Song 291,Item/Dance
Hindi Item Collection,Hindi Dance Song 292,Item/Dance
Hindi Item Collection,Hindi Dance Song 293,Item/Dance
Hindi Item Collection,Hindi Dance Song 294,Item/Dance
Hindi Item Collection,Hindi Dance Song 295,Item/Dance
Hindi Item Collection,Hindi Dance Song 296,Item/Dance
Hindi Item Collection,Hindi Dance Song 297,Item/Dance
Hindi Item Collection,Hindi Dance Song 298,Item/Dance
Hindi Item Collection,Hindi Dance Song 299,Item/Dance
Hindi Item Collection,Hindi Dance Song 300,Item/Dance
Hindi Item Collection,Hindi Dance Song 301,Item/Dance
Hindi Item Collection,Hindi Dance Song 302,Item/Dance
Hindi Item Collection,Hindi Dance Song 303,Item/Dance
Hindi Item Collection,Hindi Dance Song 304,Item/Dance
Hindi Item Collection,Hindi Dance Song 305,Item/Dance
Hindi Item Collection,Hindi Dance Song 306,Item/Dance
Hindi Item Collection,Hindi Dance Song 307,Item/Dance
Hindi Item Collection,Hindi Dance Song 308,Item/Dance
Hindi Item Collection,Hindi Dance Song 309,Item/Dance
Hindi Item Collection,Hindi Dance Song 310,Item/Dance
Hindi Item Collection,Hindi Dance Song 311,Item/Dance
Hindi Item Collection,Hindi Dance Song 312,Item/Dance
Hindi Item Collection,Hindi Dance Song 313,Item/Dance
Hindi Item Collection,Hindi Dance Song 314,Item/Dance
Hindi Item Collection,Hindi Dance Song 315,Item/Dance
Hindi Item Collection,Hindi Dance Song 316,Item/Dance
Hindi Item Collection,Hindi Dance Song 317,Item/Dance
Hindi Item Collection,Hindi Dance Song 318,Item/Dance
Hindi Item Collection,Hindi Dance Song 319,Item/Dance
Hindi Item Collection,Hindi Dance Song 320,Item/Dance
Hindi Item Collection,Hindi Dance Song 321,Item/Dance
Hindi Item Collection,Hindi Dance Song 322,Item/Dance
Hindi Item Collection,Hindi Dance Song 323,Item/Dance
Hindi Item Collection,Hindi Dance Song 324,Item/Dance
Hindi Item Collection,Hindi Dance Song 325,Item/Dance
Hindi Item Collection,Hindi Dance Song 326,Item/Dance
Hindi Item Collection,Hindi Dance Song 327,Item/Dance
Hindi Item Collection,Hindi Dance Song 328,Item/Dance
Hindi Item Collection,Hindi Dance Song 329,Item/Dance
Hindi Item Collection,Hindi Dance Song 330,Item/Dance
Hindi Item Collection,Hindi Dance Song 331,Item/Dance
Hindi Item Collection,Hindi Dance Song 332,Item/Dance
Hindi Item Collection,Hindi Dance Song 333,Item/Dance
Hindi Item Collection,Hindi Dance Song 334,Item/Dance
Hindi Item Collection,Hindi Dance Song 335,Item/Dance
Hindi Item Collection,Hindi Dance Song 336,Item/Dance
Hindi Item Collection,Hindi Dance Song 337,Item/Dance
Hindi Item Collection,Hindi Dance Song 338,Item/Dance
Hindi Item Collection,Hindi Dance Song 339,Item/Dance
Hindi Item Collection,Hindi Dance Song 340,Item/Dance
Hindi Item Collection,Hindi Dance Song 341,Item/Dance
Hindi Item Collection,Hindi Dance Song 342,Item/Dance
Hindi Item Collection,Hindi Dance Song 343,Item/Dance
Hindi Item Collection,Hindi Dance Song 344,Item/Dance
Hindi Item Collection,Hindi Dance Song 345,Item/Dance
Hindi Item Collection,Hindi Dance Song 346,Item/Dance
Hindi Item Collection,Hindi Dance Song 347,Item/Dance
Hindi Item Collection,Hindi Dance Song 348,Item/Dance
Hindi Item Collection,Hindi Dance Song 349,Item/Dance
Hindi Item Collection,Hindi Dance Song 350,Item/Dance
Hindi Item Collection,Hindi Dance Song 351,Item/Dance
Hindi Item Collection,Hindi Dance Song 352,Item/Dance
Hindi Item Collection,Hindi Dance Song 353,Item/Dance
Hindi Item Collection,Hindi Dance Song 354,Item/Dance
Hindi Item Collection,Hindi Dance Song 355,Item/Dance
Hindi Item Collection,Hindi Dance Song 356,Item/Dance
Hindi Item Collection,Hindi Dance Song 357,Item/Dance
Hindi Item Collection,Hindi Dance Song 358,Item/Dance
Hindi Item Collection,Hindi Dance Song 359,Item/Dance
Hindi Item Collection,Hindi Dance Song 360,Item/Dance
Hindi Item Collection,Hindi Dance Song 361,Item/Dance
Hindi Item Collection,Hindi Dance Song 362,Item/Dance
Hindi Item Collection,Hindi Dance Song 363,Item/Dance
Hindi Item Collection,Hindi Dance Song 364,Item/Dance
Hindi Item Collection,Hindi Dance Song 365,Item/Dance
Hindi Item Collection,Hindi Dance Song 366,Item/Dance
Hindi Item Collection,Hindi Dance Song 367,Item/Dance
Hindi Item Collection,Hindi Dance Song 368,Item/Dance
Hindi Item Collection,Hindi Dance Song 369,Item/Dance
Hindi Item Collection,Hindi Dance Song 370,Item/Dance
Hindi Item Collection,Hindi Dance Song 371,Item/Dance
Hindi Item Collection,Hindi Dance Song 372,Item/Dance
Hindi Item Collection,Hindi Dance Song 373,Item/Dance
Hindi Item Collection,Hindi Dance Song 374,Item/Dance
Hindi Item Collection,Hindi Dance Song 375,Item/Dance
Hindi Item Collection,Hindi Dance Song 376,Item/Dance
Hindi Item Collection,Hindi Dance Song 377,Item/Dance
Hindi Item Collection,Hindi Dance Song 378,Item/Dance
Hindi Item Collection,Hindi Dance Song 379,Item/Dance
Hindi Item Collection,Hindi Dance Song 380,Item/Dance
Hindi Item Collection,Hindi Dance Song 381,Item/Dance
Hindi Item Collection,Hindi Dance Song 382,Item/Dance
Hindi Item Collection,Hindi Dance Song 383,Item/Dance
Hindi Item Collection,Hindi Dance Song 384,Item/Dance
Hindi Item Collection,Hindi Dance Song 385,Item/Dance
Hindi Item Collection,Hindi Dance Song 386,Item/Dance
Hindi Item Collection,Hindi Dance Song 387,Item/Dance
Hindi Item Collection,Hindi Dance Song 388,Item/Dance
Hindi Item Collection,Hindi Dance Song 389,Item/Dance
Hindi Item Collection,Hindi Dance Song 390,Item/Dance
Hindi Item Collection,Hindi Dance Song 391,Item/Dance
Hindi Item Collection,Hindi Dance Song 392,Item/Dance
Hindi Item Collection,Hindi Dance Song 393,Item/Dance
Hindi Item Collection,Hindi Dance Song 394,Item/Dance
Hindi Item Collection,Hindi Dance Song 395,Item/Dance
Hindi Item Collection,Hindi Dance Song 396,Item/Dance
Hindi Item Collection,Hindi Dance Song 397,Item/Dance
Hindi Item Collection,Hindi Dance Song 398,Item/Dance
Hindi Item Collection,Hindi Dance Song 399,Item/Dance
Hindi Item Collection,Hindi Dance Song 400,Item/Dance
Bhojpuri Dance Collection,Bhojpuri Stage Dance Song 1,Item/Dance
Bhojpuri Dance Collection,Bhojpuri Stage Dance Song 2,Item/Dance
Bhojpuri Dance Collection,Bhojpuri Stage Dance Song 3,Item/Dance
Bhojpuri Dance Collection,Bhojpuri Stage Dance Song 4,Item/Dance
Bhojpuri Dance Collection,Bhojpuri Stage Dance Song 5,Item/Dance
Bhojpuri Dance Collection,Bhojpuri Stage Dance Song 6,Item/Dance
Bhojpuri Dance Collection,Bhojpuri Stage Dance Song 7,Item/Dance
Bhojpuri Dance Collection,Bhojpuri Stage Dance Song 8,Item/Dance
Bhojpuri Dance Collection,Bhojpuri Stage Dance Song 9,Item/Dance
Bhojpuri Dance Collection,Bhojpuri Stage Dance Song 10,Item/Dance
Bhojpuri Dance Collection,Bhojpuri Stage Dance Song 11,Item/Dance
Bhojpuri Dance Collection,Bhojpuri Stage Dance Song 12,Item/Dance
Bhojpuri Dance Collection,Bhojpuri Stage Dance Song 13,Item/Dance
Bhojpuri Dance Collection,Bhojpuri Stage Dance Song 14,Item/Dance
Bhojpuri Dance Collection,Bhojpuri Stage Dance Song 15,Item/Dance
Bhojpuri Dance Collection,Bhojpuri Stage Dance Song 16,Item/Dance
Bhojpuri Dance Collection,Bhojpuri Stage Dance Song 17,Item/Dance
Bhojpuri Dance Collection,Bhojpuri Stage Dance Song 18,Item/Dance
Bhojpuri Dance Collection,Bhojpuri Stage Dance Song 19,Item/Dance
Bhojpuri Dance Collection,Bhojpuri Stage Dance Song 20,Item/Dance
Bhojpuri Dance Collection,Bhojpuri Stage Dance Song 21,Item/Dance
Bhojpuri Dance Collection,Bhojpuri Stage Dance Song 22,Item/Dance
Bhojpuri Dance Collection,Bhojpuri Stage Dance Song 23,Item/Dance
Bhojpuri Dance Collection,Bhojpuri Stage Dance Song 24,Item/Dance
Bhojpuri Dance Collection,Bhojpuri Stage Dance Song 25,Item/Dance
Bhojpuri Dance Collection,Bhojpuri Stage Dance Song 26,Item/Dance
Bhojpuri Dance Collection,Bhojpuri Stage Dance Song 27,Item/Dance
Bhojpuri Dance Collection,Bhojpuri Stage Dance Song 28,Item/Dance
Bhojpuri Dance Collection,Bhojpuri Stage Dance Song 29,Item/Dance
Bhojpuri Dance Collection,Bhojpuri Stage Dance Song 30,Item/Dance
Bhojpuri Dance Collection,Bhojpuri Stage Dance Song 31,Item/Dance
Bhojpuri Dance Collection,Bhojpuri Stage Dance Song 32,Item/Dance
Bhojpuri Dance Collection,Bhojpuri Stage Dance Song 33,Item/Dance
Bhojpuri Dance Collection,Bhojpuri Stage Dance Song 34,Item/Dance
Bhojpuri Dance Collection,Bhojpuri Stage Dance Song 35,Item/Dance
Bhojpuri Dance Collection,Bhojpuri Stage Dance Song 36,Item/Dance
Bhojpuri Dance Collection,Bhojpuri Stage Dance Song 37,Item/Dance
Bhojpuri Dance Collection,Bhojpuri Stage Dance Song 38,Item/Dance
Bhojpuri Dance Collection,Bhojpuri Stage Dance Song 39,Item/Dance
Bhojpuri Dance Collection,Bhojpuri Stage Dance Song 40,Item/Dance
Bhojpuri Dance Collection,Bhojpuri Stage Dance Song 41,Item/Dance
Bhojpuri Dance Collection,Bhojpuri Stage Dance Song 42,Item/Dance
Bhojpuri Dance Collection,Bhojpuri Stage Dance Song 43,Item/Dance
Bhojpuri Dance Collection,Bhojpuri Stage Dance Song 44,Item/Dance
Bhojpuri Dance Collection,Bhojpuri Stage Dance Song 45,Item/Dance
Bhojpuri Dance Collection,Bhojpuri Stage Dance Song 46,Item/Dance
Bhojpuri Dance Collection,Bhojpuri Stage Dance Song 47,Item/Dance
Bhojpuri Dance Collection,Bhojpuri Stage Dance Song 48,Item/Dance
Bhojpuri Dance Collection,Bhojpuri Stage Dance Song 49,Item/Dance
Bhojpuri Dance Collection,Bhojpuri Stage Dance Song 50,Item/Dance
Bhojpuri Dance Collection,Bhojpuri Stage Dance Song 51,Item/Dance
Bhojpuri Dance Collection,Bhojpuri Stage Dance Song 52,Item/Dance
Bhojpuri Dance Collection,Bhojpuri Stage Dance Song 53,Item/Dance
Bhojpuri Dance Collection,Bhojpuri Stage Dance Song 54,Item/Dance
Bhojpuri Dance Collection,Bhojpuri Stage Dance Song 55,Item/Dance
Bhojpuri Dance Collection,Bhojpuri Stage Dance Song 56,Item/Dance
Bhojpuri Dance Collection,Bhojpuri Stage Dance Song 57,Item/Dance
Bhojpuri Dance Collection,Bhojpuri Stage Dance Song 58,Item/Dance
Bhojpuri Dance Collection,Bhojpuri Stage Dance Song 59,Item/Dance
Bhojpuri Dance Collection,Bhojpuri Stage Dance Song 60,Item/Dance
Bhojpuri Dance Collection,Bhojpuri Stage Dance Song 61,Item/Dance
Bhojpuri Dance Collection,Bhojpuri Stage Dance Song 62,Item/Dance
Bhojpuri Dance Collection,Bhojpuri Stage Dance Song 63,Item/Dance
Bhojpuri Dance Collection,Bhojpuri Stage Dance Song 64,Item/Dance
Bhojpuri Dance Collection,Bhojpuri Stage Dance Song 65,Item/Dance
Bhojpuri Dance Collection,Bhojpuri Stage Dance Song 66,Item/Dance
Bhojpuri Dance Collection,Bhojpuri Stage Dance Song 67,Item/Dance
Bhojpuri Dance Collection,Bhojpuri Stage Dance Song 68,Item/Dance
Bhojpuri Dance Collection,Bhojpuri Stage Dance Song 69,Item/Dance
Bhojpuri Dance Collection,Bhojpuri Stage Dance Song 70,Item/Dance
Bhojpuri Dance Collection,Bhojpuri Stage Dance Song 71,Item/Dance
Bhojpuri Dance Collection,Bhojpuri Stage Dance Song 72,Item/Dance
Bhojpuri Dance Collection,Bhojpuri Stage Dance Song 73,Item/Dance
Bhojpuri Dance Collection,Bhojpuri Stage Dance Song 74,Item/Dance
Bhojpuri Dance Collection,Bhojpuri Stage Dance Song 75,Item/Dance
Bhojpuri Dance Collection,Bhojpuri Stage Dance Song 76,Item/Dance
Bhojpuri Dance Collection,Bhojpuri Stage Dance Song 77,Item/Dance
Bhojpuri Dance Collection,Bhojpuri Stage Dance Song 78,Item/Dance
Bhojpuri Dance Collection,Bhojpuri Stage Dance Song 79,Item/Dance
Bhojpuri Dance Collection,Bhojpuri Stage Dance Song 80,Item/Dance
Bhojpuri Dance Collection,Bhojpuri Stage Dance Song 81,Item/Dance
Bhojpuri Dance Collection,Bhojpuri Stage Dance Song 82,Item/Dance
Bhojpuri Dance Collection,Bhojpuri Stage Dance Song 83,Item/Dance
Bhojpuri Dance Collection,Bhojpuri Stage Dance Song 84,Item/Dance
Bhojpuri Dance Collection,Bhojpuri Stage Dance Song 85,Item/Dance
Bhojpuri Dance Collection,Bhojpuri Stage Dance Song 86,Item/Dance
Bhojpuri Dance Collection,Bhojpuri Stage Dance Song 87,Item/Dance
Bhojpuri Dance Collection,Bhojpuri Stage Dance Song 88,Item/Dance
Bhojpuri Dance Collection,Bhojpuri Stage Dance Song 89,Item/Dance
Bhojpuri Dance Collection,Bhojpuri Stage Dance Song 90,Item/Dance
Bhojpuri Dance Collection,Bhojpuri Stage Dance Song 91,Item/Dance
Bhojpuri Dance Collection,Bhojpuri Stage Dance Song 92,Item/Dance
Bhojpuri Dance Collection,Bhojpuri Stage Dance Song 93,Item/Dance
Bhojpuri Dance Collection,Bhojpuri Stage Dance Song 94,Item/Dance
Bhojpuri Dance Collection,Bhojpuri Stage Dance Song 95,Item/Dance
Bhojpuri Dance Collection,Bhojpuri Stage Dance Song 96,Item/Dance
Bhojpuri Dance Collection,Bhojpuri Stage Dance Song 97,Item/Dance
Bhojpuri Dance Collection,Bhojpuri Stage Dance Song 98,Item/Dance
Bhojpuri Dance Collection,Bhojpuri Stage Dance Song 99,Item/Dance
Bhojpuri Dance Collection,Bhojpuri Stage Dance Song 100,Item/Dance
Bhojpuri Dance Collection,Bhojpuri Stage Dance Song 101,Item/Dance
Bhojpuri Dance Collection,Bhojpuri Stage Dance Song 102,Item/Dance
Bhojpuri Dance Collection,Bhojpuri Stage Dance Song 103,Item/Dance
Bhojpuri Dance Collection,Bhojpuri Stage Dance Song 104,Item/Dance
Bhojpuri Dance Collection,Bhojpuri Stage Dance Song 105,Item/Dance
Bhojpuri Dance Collection,Bhojpuri Stage Dance Song 106,Item/Dance
Bhojpuri Dance Collection,Bhojpuri Stage Dance Song 107,Item/Dance
Bhojpuri Dance Collection,Bhojpuri Stage Dance Song 108,Item/Dance
Bhojpuri Dance Collection,Bhojpuri Stage Dance Song 109,Item/Dance
Bhojpuri Dance Collection,Bhojpuri Stage Dance Song 110,Item/Dance
Bhojpuri Dance Collection,Bhojpuri Stage Dance Song 111,Item/Dance
Bhojpuri Dance Collection,Bhojpuri Stage Dance Song 112,Item/Dance
Bhojpuri Dance Collection,Bhojpuri Stage Dance Song 113,Item/Dance
Bhojpuri Dance Collection,Bhojpuri Stage Dance Song 114,Item/Dance
Bhojpuri Dance Collection,Bhojpuri Stage Dance Song 115,Item/Dance
Bhojpuri Dance Collection,Bhojpuri Stage Dance Song 116,Item/Dance
Bhojpuri Dance Collection,Bhojpuri Stage Dance Song 117,Item/Dance
Bhojpuri Dance Collection,Bhojpuri Stage Dance Song 118,Item/Dance
Bhojpuri Dance Collection,Bhojpuri Stage Dance Song 119,Item/Dance
Bhojpuri Dance Collection,Bhojpuri Stage Dance Song 120,Item/Dance
Bhojpuri Dance Collection,Bhojpuri Stage Dance Song 121,Item/Dance
Bhojpuri Dance Collection,Bhojpuri Stage Dance Song 122,Item/Dance
Bhojpuri Dance Collection,Bhojpuri Stage Dance Song 123,Item/Dance
Bhojpuri Dance Collection,Bhojpuri Stage Dance Song 124,Item/Dance
Bhojpuri Dance Collection,Bhojpuri Stage Dance Song 125,Item/Dance
Bhojpuri Dance Collection,Bhojpuri Stage Dance Song 126,Item/Dance
Bhojpuri Dance Collection,Bhojpuri Stage Dance Song 127,Item/Dance
Bhojpuri Dance Collection,Bhojpuri Stage Dance Song 128,Item/Dance
Bhojpuri Dance Collection,Bhojpuri Stage Dance Song 129,Item/Dance
Bhojpuri Dance Collection,Bhojpuri Stage Dance Song 130,Item/Dance
Bhojpuri Dance Collection,Bhojpuri Stage Dance Song 131,Item/Dance
Bhojpuri Dance Collection,Bhojpuri Stage Dance Song 132,Item/Dance
Bhojpuri Dance Collection,Bhojpuri Stage Dance Song 133,Item/Dance
Bhojpuri Dance Collection,Bhojpuri Stage Dance Song 134,Item/Dance
Bhojpuri Dance Collection,Bhojpuri Stage Dance Song 135,Item/Dance
Bhojpuri Dance Collection,Bhojpuri Stage Dance Song 136,Item/Dance
Bhojpuri Dance Collection,Bhojpuri Stage Dance Song 137,Item/Dance
Bhojpuri Dance Collection,Bhojpuri Stage Dance Song 138,Item/Dance
Bhojpuri Dance Collection,Bhojpuri Stage Dance Song 139,Item/Dance
Bhojpuri Dance Collection,Bhojpuri Stage Dance Song 140,Item/Dance
Bhojpuri Dance Collection,Bhojpuri Stage Dance Song 141,Item/Dance
Bhojpuri Dance Collection,Bhojpuri Stage Dance Song 142,Item/Dance
Bhojpuri Dance Collection,Bhojpuri Stage Dance Song 143,Item/Dance
Bhojpuri Dance Collection,Bhojpuri Stage Dance Song 144,Item/Dance
Bhojpuri Dance Collection,Bhojpuri Stage Dance Song 145,Item/Dance
Bhojpuri Dance Collection,Bhojpuri Stage Dance Song 146,Item/Dance
Bhojpuri Dance Collection,Bhojpuri Stage Dance Song 147,Item/Dance
Bhojpuri Dance Collection,Bhojpuri Stage Dance Song 148,Item/Dance
Bhojpuri Dance Collection,Bhojpuri Stage Dance Song 149,Item/Dance
Bhojpuri Dance Collection,Bhojpuri Stage Dance Song 150,Item/Dance
